cluster_id|resposta_id|pergunta_sem_processamento|pergunta_com_processamento
16|12|os laboratórios de patologia clinica e citopatologia deveriam ser incorporados na RDC.| laboratorios patologia clinica citopatologia deveriam incorporados rdc 
14|58|Repassar a abrangência para testes imunocromatograficos como os testes de gravidez realizados em farmácias, como também, para os testes remotos que estão surgindo.|repassar abrangencia testes imunocromatograficos testes gravidez realizados farmacias tambem testes remotos surgindo 
1|71|nao teve resposta|nao teve resposta
5|92|Vários ítens desde estrutura até licença ambiental, tratamento do resíduo do setor de microbiologia.|varios itens desde estrutura licenca ambiental tratamento residuo setor microbiologia 
1|109|nao teve resposta|nao teve resposta
1|111|nao teve resposta|nao teve resposta
1|136|nao teve resposta|nao teve resposta
1|154|nao teve resposta|nao teve resposta
1|159|nao teve resposta|nao teve resposta
9|169|No item 6.1.4- letra f) Sugiro especificar o profissional que poderá ser o solicitante dos exames.| item letra f sugiro especificar profissional podera solicitante exames 
16|224|Incluir análises clínicas veterinária|incluir analises clinicas veterinaria
1|280|nao teve resposta|nao teve resposta
3|309|"TLR 
Assinatura digital 
Segurança do paciente"|tlr assinatura digital seguranca paciente
1|322|nao teve resposta|nao teve resposta
1|331|nao teve resposta|nao teve resposta
3|346|Regulamentação: assinatura digital; proibição TLR em farmácias (ou cumprimento RDC 302), Coleta em Domícilio, segurança do Paciente.|regulamentacao assinatura digital proibicao tlr farmacias ou cumprimento rdc coleta domicilio seguranca paciente 
1|356|nao teve resposta|nao teve resposta
1|389|nao teve resposta|nao teve resposta
1|399|nao teve resposta|nao teve resposta
1|403|nao teve resposta|nao teve resposta
1|408|nao teve resposta|nao teve resposta
1|456|nao teve resposta|nao teve resposta
1|464|nao teve resposta|nao teve resposta
1|468|nao teve resposta|nao teve resposta
1|514|nao teve resposta|nao teve resposta
1|545|nao teve resposta|nao teve resposta
1|547|nao teve resposta|nao teve resposta
1|599|nao teve resposta|nao teve resposta
1|602|nao teve resposta|nao teve resposta
1|605|nao teve resposta|nao teve resposta
1|628|nao teve resposta|nao teve resposta
16|629|Análises toxicológicas, quimicas e ambientais (em laboratórios).|analises toxicologicas quimicas ambientais em laboratorios 
13|635|Laboratórios clínicos estão utilizando suas dependências para atividade de vacinação quando possui farmacêutico como responsável técnico ou como profissional, transporte de material biológico de posto de coleta para laboratório.|laboratorios clinicos utilizando dependencias atividade vacinacao possui farmaceutico responsavel tecnico profissional transporte material biologico posto coleta laboratorio 
1|649|nao teve resposta|nao teve resposta
1|660|nao teve resposta|nao teve resposta
1|689|nao teve resposta|nao teve resposta
11|703|Unificação das RDC 20, 50, 166.|unificacao rdc 
1|713|nao teve resposta|nao teve resposta
1|761|nao teve resposta|nao teve resposta
14|770|Os testes de point of Care tem que estar listados mais claramente , sobre controle de qualidade, validação .. além de ter coisas voltadas apenas para este tema| testes point of care estar listados claramente sobre controle qualidade validacao alem coisas voltadas apenas tema
16|792|"Sugiro que tenha especificações detalhadas sobre laboratórios de apoio, veterinários e de pesquisa e suas interfaces com os laboratórios de análises clínicas tradicionais. 
Também deveria falar e incentivar a quem trabalha nos laboratórios  a publicar os dados  extraídos da população que atende, atendendo as normas para tal pesquisa, claro. Mas de forma racional e sem burocracias demasiadas, afinal temos que produzir as análises...
Temos milhares de achados...mas parece que esses dados não interessam em nada ao governo."|sugiro especificacoes detalhadas sobre laboratorios apoio veterinarios pesquisa interfaces laboratorios analises clinicas tradicionais deveria falar incentivar trabalha laboratorios publicar dados extraidos populacao atende atendendo normas tal pesquisa claro forma racional burocracias demasiadas afinal produzir analises milhares achados mas parece dados interessam nada governo 
1|845|nao teve resposta|nao teve resposta
12|884|"Retirada do item 9.3.1
Retirar obrigação de guarda por 5 anos dos laudos e mudada para 1 ano- item 6
Definição mais clara sobre todos os item. A vigilância municipal, responsável pela fiscalização, interpreta de varias forma diferentes a RDC 302."|retirada item retirar obrigacao guarda anos laudos mudada ano item definicao clara sobre todos item vigilancia municipal responsavel fiscalizacao interpreta varias forma diferentes rdc 
1|888|nao teve resposta|nao teve resposta
6|899|Incluir uma regulação mais abrangente dos Teles realizados fora das instituições de saúde.|incluir regulacao abrangente teles realizados instituicoes saude 
13|957|Para haver um posto de coleta de material humano para possíveis análises laboratoriais, EU, acho que deveria ter um profissional Farmacêutico -Bioquimico presente realizando ou fiscalizando o andamento de todo processo até a chegada do material a ser analisado no laboratório.| haver posto coleta material humano possiveis analises laboratoriais eu acho deveria profissional farmaceutico bioquimico presente realizando fiscalizando andamento todo processo chegada material analisado laboratorio 
1|981|nao teve resposta|nao teve resposta
14|992|"A norma deve abranger os exames laboratoriais realizados no país, em laboratórios públicos ou privados.
Deve também regular os Testes Laboratoriais Remotos em quaisquer locais, incluindo farmácias.
Deve também tratar de autoteste.
Pode excetuar os Testes Rápidos ofertados e gerenciados pelo Ministério da Saúde com uso na Saúde Pública, sem comércio de qualquer tipo."| norma deve abranger exames laboratoriais realizados pais laboratorios publicos privados deve regular testes laboratoriais remotos quaisquer locais incluindo farmacias deve tratar autoteste pode excetuar testes rapidos ofertados gerenciados ministerio saude uso saude publica comercio qualquer tipo 
1|1017|nao teve resposta|nao teve resposta
1|1022|nao teve resposta|nao teve resposta
13|1047|Acho que a RDC 302/ 05 deve ser mais clara e objetiva nos requisitos mínimos necessários para a abertura de laboratórios e postos de coletas ... Pois o que vemos hj são fiscais despreparados devido a alta complexibilidade do processo e não há um consenso entre a vigilância e o conselho de classe quando falamos em alvará sanitário e certidão de regularidade .... Penso que o fiscal do conselho deveria ficar atento na fiscalização se o mesmo possui alvará sanitário e o fiscal sanitário deveria observar a presença da certidão de regularidade.... O que vemos hoje e cada classe cuidando do seu e o todo está bagunçado ....existem postos de coleta só com alvará sanitário e outros só com certidão de regularidade do conselho em pleno funcionamento, o que causa frustração para quem trabalha corretamente.|acho rdc deve clara objetiva requisitos minimos necessarios abertura laboratorios postos coletas hj fiscais despreparados devido alta complexibilidade processo consenso vigilancia conselho classe falamos alvara sanitario certidao regularidade penso fiscal conselho deveria ficar atento fiscalizacao possui alvara sanitario fiscal sanitario deveria observar presenca certidao regularidade hoje cada classe cuidando todo baguncado existem postos coleta alvara sanitario outros certidao regularidade conselho pleno funcionamento causa frustracao trabalha corretamente 
1|1060|nao teve resposta|nao teve resposta
16|1074|"Muita lei , sem sentido , sem nexo , complicador pra exercermos a nossa atividade com custo maior . As tabelas sem alterações como podemos tocar nossa atividade ? 
Os laboratórios Clínicos de análise clínica estão sendo engolidos por grandes redes ! Isso é justo ?"|muita lei sentido nexo complicador pra exercermos atividade custo maior tabelas alteracoes podemos tocar atividade laboratorios clinicos analise clinica sendo engolidos grandes redes justo 
13|1077|A normativa deveria abranger também unidades de triagem de amostras, postos de coleta e atendimento é drogarias| normativa deveria abranger unidades triagem amostras postos coleta atendimento drogarias
1|1083|nao teve resposta|nao teve resposta
1|1091|nao teve resposta|nao teve resposta
14|1136|A RDC precisa ser mais abrangente na sessão sobre TLRs, com esclarecimento dos locais em que estes testes podem ser realizados, capacitação de usuários, controle de qualidade, etc| rdc precisa abrangente sessao sobre tlrs esclarecimento locais testes podem realizados capacitacao usuarios controle qualidade etc
1|1143|nao teve resposta|nao teve resposta
1|1147|nao teve resposta|nao teve resposta
1|1148|nao teve resposta|nao teve resposta
16|1161|"a todos os serviços públicos, privados, filantrópicos, civis ou militares, incluindo aqueles que exercem ações de ensino e pesquisa, que realizam
atividades laboratoriais na área de análises clínicas, e citologia.

a atividade de patologia clínica o responsável técnico é especifico, assim como procedimentos, vejo da necessidade de legislação especifica."| todos servicos publicos privados filantropicos civis militares incluindo exercem acoes ensino pesquisa realizam atividades laboratoriais area analises clinicas citologia atividade patologia clinica responsavel tecnico especifico assim procedimentos vejo necessidade legislacao especifica 
1|1190|nao teve resposta|nao teve resposta
1|1213|nao teve resposta|nao teve resposta
1|1216|nao teve resposta|nao teve resposta
1|1220|nao teve resposta|nao teve resposta
16|1221|Acredito de Laboratórios de Patologia Clínica e Citologia deveriam ter uma norma específica compatível com a Portaria GM/MS nº3.388/2013.|acredito laboratorios patologia clinica citologia deveriam norma especifica compativel portaria gm ms no 
1|1236|nao teve resposta|nao teve resposta
1|1243|nao teve resposta|nao teve resposta
1|1249|nao teve resposta|nao teve resposta
14|1253|Redefinir de forma clara e objetiva que todo e qualquer exame laboratorial remoto só poderá ser realizado mediante cumprimento integral da RDC 302/05, seja ele realizado em farmácias, hospitais ou unidades públicas, tendo como responsável técnico um profissional local capacitado para realizá-lo, não sendo permitido a análise e emissão de laudos a distância. Ou seja, a RDC 302 precisa abranger qualquer unidade de saúde que resolva oferecer serviço de apoio a diagnóstico.|redefinir forma clara objetiva todo qualquer exame laboratorial remoto podera realizado mediante cumprimento integral rdc realizado farmacias hospitais unidades publicas tendo responsavel tecnico profissional local capacitado realiza lo sendo permitido analise emissao laudos distancia seja rdc precisa abranger qualquer unidade saude resolva oferecer servico apoio diagnostico 
17|1301|Relacionado ao espaço físico,  planta,  q deveria ser organizada por porte e especialidades realizadas no laboratório|relacionado espaco fisico planta deveria organizada porte especialidades realizadas laboratorio
2|1335|Como ela foi publicada em 2005 e estamos em meados de 2019, muitas tecnologias e novos conceitos surgiram, e ambos terão que ser revistos.| publicada meados muitas tecnologias novos conceitos surgiram ambos revistos 
13|1337|A presença do responsável técnico em todas as unidades de coleta do laboratório.| presenca responsavel tecnico todas unidades coleta laboratorio 
1|1394|nao teve resposta|nao teve resposta
1|1405|nao teve resposta|nao teve resposta
1|1417|nao teve resposta|nao teve resposta
1|1426|nao teve resposta|nao teve resposta
1|1432|nao teve resposta|nao teve resposta
1|1444|nao teve resposta|nao teve resposta
1|1453|nao teve resposta|nao teve resposta
1|1477|nao teve resposta|nao teve resposta
1|1478|nao teve resposta|nao teve resposta
1|1485|nao teve resposta|nao teve resposta
4|1488|NA BUROCRACÍA DAS INSPEÇÕES E FALTA DE EXPLICAÇÃO PARA COM OS PROPRIETÁRIOS DE ESTABELECIMENTOS PELA CHEFE DAS VISAS.| burocracia inspecoes falta explicacao proprietarios estabelecimentos chefe visas 
1|1490|nao teve resposta|nao teve resposta
1|1500|nao teve resposta|nao teve resposta
16|1561|DEVERIAM INCLUIR NAS ATIVIDADES DE ANALISES CLINICAS A ATIVIDADE DE ANALISES CLINICAS VETERINÁRIAS.|deveriam incluir atividades analises clinicas atividade analises clinicas veterinarias 
1|1562|nao teve resposta|nao teve resposta
13|1603|"Trabalho com Laboratório de Análises Clínicas há 30 anos , vejo que hoje temos inúmeras regras a seguir , cada dia mais normas , e vejo tb que vários Responsáveis técnicos de Laboratório não tem a mínima condição de trabalhar na sua função , as vezes a Vigilancia cobra muito de alguns e fecha os olhos para outros , fico abismada q liberam vigilancia para laboratório de 40 metros funcionar , sendo que no meu caso sou cobrada nos mínimos detalhes , injusto qq um sem experiencia nehuma ser responsável tecnico , deveria existir o mínimo de tempo em atuação em um laboratório para depois ser responsável ! Hj existem laboratorios fazendo exames e liberando sem qualidade nenhuma .
Exames veterinários estáo muito mais caros q exames de animais !
O SUS não altera nossa tabela há 20 anos, cade o CRF tentando resolver esse problema que é cronico no país inteiro , e também os convenios de saúde em vista disso fazem o mesmo ! Cade os órgão competentes tentando resolver esse problema crônico?"|trabalho laboratorio analises clinicas anos vejo hoje inumeras regras seguir cada normas vejo tb varios responsaveis tecnicos laboratorio minima condicao trabalhar funcao vezes vigilancia cobra alguns fecha olhos outros fico abismada liberam vigilancia laboratorio metros funcionar sendo caso cobrada minimos detalhes injusto qq experiencia nehuma responsavel tecnico deveria existir minimo tempo atuacao laboratorio responsavel hj existem laboratorios fazendo exames liberando qualidade nenhuma exames veterinarios caros exames animais sus altera tabela anos cade crf tentando resolver problema cronico pais inteiro convenios saude vista disso fazem cade orgao competentes tentando resolver problema cronico 
1|1604|nao teve resposta|nao teve resposta
14|1606|deveria contemplar os testes do tipo Hilab.|deveria contemplar testes tipo hilab 
1|1607|nao teve resposta|nao teve resposta
1|1610|nao teve resposta|nao teve resposta
1|1613|nao teve resposta|nao teve resposta
1|1651|nao teve resposta|nao teve resposta
1|1656|nao teve resposta|nao teve resposta
1|1660|nao teve resposta|nao teve resposta
1|1675|nao teve resposta|nao teve resposta
1|1687|nao teve resposta|nao teve resposta
1|1691|nao teve resposta|nao teve resposta
1|1696|nao teve resposta|nao teve resposta
8|1720|Que a RDC se limitasse a regular situações diretamente relacionadas a laboratório, não entrando em atribuições, por exemplo do Ministério do Trabalho, dentro outros.| rdc limitasse regular situacoes diretamente relacionadas laboratorio entrando atribuicoes exemplo ministerio trabalho dentro outros 
1|1737|nao teve resposta|nao teve resposta
1|1755|nao teve resposta|nao teve resposta
1|1764|nao teve resposta|nao teve resposta
1|1772|nao teve resposta|nao teve resposta
16|1781|"Deve deixar claro se esta Resolução rege também o Laboratório de Anatomia Patológica e citológicas  e seus postos de coleta. 
Deve deixar claro A RDC 302/2005 serve para atender a um laboratório de analises clínicas veterinária e patologia veterinária.

Se abranger ao laboratório de anatomia patológica e citológica, quais os itens da RDC 302/2005, devem cumprir."|deve deixar claro resolucao rege laboratorio anatomia patologica citologicas postos coleta deve deixar claro rdc serve atender laboratorio analises clinicas veterinaria patologia veterinaria abranger laboratorio anatomia patologica citologica quais itens rdc devem cumprir 
1|1792|nao teve resposta|nao teve resposta
1|1797|nao teve resposta|nao teve resposta
1|1817|nao teve resposta|nao teve resposta
1|1830|nao teve resposta|nao teve resposta
1|1848|nao teve resposta|nao teve resposta
1|1863|nao teve resposta|nao teve resposta
1|1870|nao teve resposta|nao teve resposta
1|1880|nao teve resposta|nao teve resposta
1|1901|nao teve resposta|nao teve resposta
1|1902|nao teve resposta|nao teve resposta
1|1904|nao teve resposta|nao teve resposta
1|1932|nao teve resposta|nao teve resposta
1|1952|nao teve resposta|nao teve resposta
1|1953|nao teve resposta|nao teve resposta
13|1966|- Gostaria que a abrangência da nova norma contemplasse serviços que realizam apenas atividades de Recepção, Triagem e transporte de material biológico humano. Estes serviços recolhem as amostras biológicas de diversos postos de coletas do estado do Rio Grande do Sul e trazem a central de distribuição de amostras biológicas em Porto Alegre. Nesta central as amostras são triadas, acondicionadas e enviadas através do transporte aéreo até a central analítica de outro estado. Existem 4 empresas deste tipo em Porto Alegre. Outro ponto importante que precisa ser definido é sobre as coletas móveis domiciliares ou empresariais, falta especificar as condições para realizar estes tipos de coletas. Alguns serviços estão efetuando estas coletas utilizando Uber, táxi, ônibus e demais aplicativos, mas aqui em Porto Alegre estamos suspendendo as coletas por estes meios de transportes. Um serviço me questionou se poderia realizar coleta domiciliar em moto ou em triciclo, até o momento negamos este tipo de transporte para as coletas domiciliares. As coletas domiciliares são efetuadas em carros próprios dos laboratórios ou através de empresas que possuam alvará de saúde para transporte de amostras biológicas. A atual RDC não especifica definições para um posto de coleta específico para coletas domiciliares ou especifico para coletas empresariais (fixas ou esporádicas), área mínima, estrutura de apoio, documentação, etc. Seria importante contemplar a área física, medidas mínimas para cada serviço, área no laboratório, posto de coleta, recepção, triagem de amostras biológicas, postos móveis de coleta (tipo de veículos, documentação necessária). Regulamentar os laboratórios de análises clínicas especializados em biologia nuclear. Outra questão pontual que surgiu aqui de Porto Alegre, foi de um serviço implementar no posto de coleta um sala de distribuição e triagem de amostras biológicas. Nesta sala as amostras seriam centrifugadas, alíquotas e congeladas, por uma profissional técnica em laboratório, e após seriam enviadas à central analítica deste mesmo laboratório. Tivemos dificuldade para liberar este serviço, tendo em vista que a norma não define serviços com esta nomenclatura, no posto de coleta não pode haver manipulação das amostras biológicas (retirar do tubo primário e alíquotar para o tubo secundário).| abrangencia nova norma contemplasse servicos realizam apenas atividades recepcao triagem transporte material biologico humano servicos recolhem amostras biologicas diversos postos coletas estado grande sul trazem central distribuicao amostras biologicas porto alegre nesta central amostras triadas acondicionadas enviadas atraves transporte aereo central analitica outro estado existem empresas deste tipo porto alegre outro ponto importante precisa definido sobre coletas moveis domiciliares empresariais falta especificar condicoes realizar tipos coletas alguns servicos efetuando coletas utilizando uber taxi onibus demais aplicativos porto alegre suspendendo coletas meios transportes servico questionou poderia realizar coleta domiciliar moto triciclo momento negamos tipo transporte coletas domiciliares coletas domiciliares efetuadas carros proprios laboratorios atraves empresas possuam alvara saude transporte amostras biologicas atual rdc especifica definicoes posto coleta especifico coletas domiciliares especifico coletas empresariais fixas esporadicas area minima estrutura apoio documentacao etc importante contemplar area fisica medidas minimas cada servico area laboratorio posto coleta recepcao triagem amostras biologicas postos moveis coleta tipo veiculos documentacao necessaria regulamentar laboratorios analises clinicas especializados biologia nuclear outra questao pontual surgiu porto alegre servico implementar posto coleta sala distribuicao triagem amostras biologicas nesta sala amostras centrifugadas aliquotas congeladas profissional tecnica laboratorio apos enviadas central analitica deste laboratorio dificuldade liberar servico tendo vista norma define servicos nomenclatura posto coleta pode haver manipulacao amostras biologicas retirar tubo primario aliquotar tubo secundario 
8|1974|Os postos de coleta laboratoriais dentro de clínicas precisam ter fiscalização mais constantes, para que possam prestar serviços à população com qualidade.| postos coleta laboratoriais dentro clinicas precisam fiscalizacao constantes possam prestar servicos populacao qualidade 
1|1986|nao teve resposta|nao teve resposta
1|2005|nao teve resposta|nao teve resposta
12|2011|"Deveria ter um treinamento melhor para os fiscais da vigilância sanitária, onde deveria ter um procedimento padrão, e não depender da interpretacão dos fiscais.
E as exigências deveriam serem diferentes dos grandes laboratórios com os pequenos."|deveria treinamento melhor fiscais vigilancia sanitaria onde deveria procedimento padrao depender interpretacao fiscais exigencias deveriam diferentes grandes laboratorios pequenos 
1|2024|nao teve resposta|nao teve resposta
1|2035|nao teve resposta|nao teve resposta
1|2056|nao teve resposta|nao teve resposta
13|2058|1- Permanência de um responsável técnico , legalmente habilitado, durante todo o horário de funcionamento do laboratório ou posto de coleta.| permanencia responsavel tecnico legalmente habilitado durante todo horario funcionamento laboratorio posto coleta 
1|2071|nao teve resposta|nao teve resposta
1|2097|nao teve resposta|nao teve resposta
1|2116|nao teve resposta|nao teve resposta
2|2128|SEMPRE ATUALIZAR COM AS TECNOLOGIAS E NORMAS VIGENTES LOCAIS|sempre atualizar tecnologias normas vigentes locais
9|2141|Maior abrangência nos controles internos externos. Exigindo profissional capacitado para gerenciar a qualidade de cada laboratório|maior abrangencia controles internos externos exigindo profissional capacitado gerenciar qualidade cada laboratorio
13|2155|A responsabilidade tecnica deve ser restringida ao farmaceutico  e ai medico.| responsabilidade tecnica deve restringida farmaceutico medico 
1|2162|nao teve resposta|nao teve resposta
1|2163|nao teve resposta|nao teve resposta
1|2189|nao teve resposta|nao teve resposta
1|2192|nao teve resposta|nao teve resposta
14|2201|VALER PARA TODOS OS SERVIÇOS DE SAÚDE QUE REALIZEM PROCEDIMENTOS LABORATORIAIS, E NÃO APENAS AOS LABORATÓRIOS CLÍNICOS|valer todos servicos saude realizem procedimentos laboratoriais apenas laboratorios clinicos
1|2216|nao teve resposta|nao teve resposta
13|2223|"1-Diferenciar as necessidades de um posto de coleta avançado ,que executa alguns exames  e um posto de coleta , que  só  colhe material   durante o período das  7 as 10 da manha .
2- Qual necessidade de um profissional de nível superior em um posto que executa apenas a  coleta  de material biológico ,uma vez que não realiza nenhuma analise clinica?"| diferenciar necessidades posto coleta avancado que executa alguns exames posto coleta colhe material durante periodo manha necessidade profissional nivel superior posto executa apenas coleta material biologico uma vez realiza nenhuma analise clinica 
13|2228|"5.1.2.1 O profissional legalmente habilitado pode assumir, perante a vigilância sanitária,
a responsabilidade técnica por no máximo: 02 (dois) laboratórios clínicos ou 02 (dois)
postos de coleta laboratorial ou 01 (um) laboratório clínico e 05 (cinco) postos de coleta
laboratorial."| profissional legalmente habilitado pode assumir perante vigilancia sanitaria responsabilidade tecnica maximo dois laboratorios clinicos dois postos coleta laboratorial um laboratorio clinico cinco postos coleta laboratorial 
1|2231|nao teve resposta|nao teve resposta
1|2287|nao teve resposta|nao teve resposta
7|2297|Acredito que ela precise ser atualizada principalmente com relação ao testes rápidos laboratoriais inclusive para aqueles que hoje são feitos fora do laboratório.|acredito precise atualizada principalmente relacao testes rapidos laboratoriais inclusive hoje feitos laboratorio 
1|2316|nao teve resposta|nao teve resposta
1|2328|nao teve resposta|nao teve resposta
1|2335|nao teve resposta|nao teve resposta
1|2351|nao teve resposta|nao teve resposta
1|2385|nao teve resposta|nao teve resposta
14|2388|"Atualmente , a coleta de determinados exames como por exemplo os genéticos podem ser realizados em Kits de coleta de células bucais ou saliva.Estes procedimentos de coleta são simples , podendo ser realizados em clínicas ou nos próprios consultórios, entretanto, a legislação não cita nenhuma dessas situações.

Também está se tornando uma realidade a utilização de locais que só fazem análise de resultados genéticos ( Bioinformática) fora do laboratório como uma terceirização da análise. A legislação deveria definir esta relação entre ente  serviço e o laboratório."|atualmente coleta determinados exames exemplo geneticos podem realizados kits coleta celulas bucais saliva estes procedimentos coleta simples podendo realizados clinicas proprios consultorios entretanto legislacao cita nenhuma dessas situacoes tornando realidade utilizacao locais fazem analise resultados geneticos bioinformatica laboratorio terceirizacao analise legislacao deveria definir relacao ente servico laboratorio 
1|2395|nao teve resposta|nao teve resposta
1|2401|nao teve resposta|nao teve resposta
1|2426|nao teve resposta|nao teve resposta
13|2436|Sim, para os postos de coleta que estão em Unidades Básicas de Saúde|sim postos coleta unidades basicas saude
1|2444|nao teve resposta|nao teve resposta
1|2454|nao teve resposta|nao teve resposta
14|2464|Inclusão de normas que exijam treinamento ou atualização periódica fornecidos pelos contratantes à todos os profissionais da saúde sem exceções, que trabalham direta ou indiretamente com os pacientes ou ofereçam serviços diagnósticos.|inclusao normas exijam treinamento atualizacao periodica fornecidos contratantes todos profissionais saude excecoes trabalham direta indiretamente pacientes oferecam servicos diagnosticos 
1|2468|nao teve resposta|nao teve resposta
1|2513|nao teve resposta|nao teve resposta
16|2553|"Esta Resolução de Diretoria Colegiada é aplicável a todos os serviços públicos ou privados, que realizam atividades laboratoriais na área de análises clínicas.

Acredito ser importante a elaboração de legislação própria para patologia clínica e citologia."| resolucao diretoria colegiada aplicavel todos servicos publicos privados realizam atividades laboratoriais area analises clinicas acredito importante elaboracao legislacao propria patologia clinica citologia 
1|2571|nao teve resposta|nao teve resposta
1|2593|nao teve resposta|nao teve resposta
12|2603|Incluir todos os tipos de laboratórios para termos um documento único e não várias NT ou RDC|incluir todos tipos laboratorios termos documento unico varias rdc
1|2623|nao teve resposta|nao teve resposta
1|2624|nao teve resposta|nao teve resposta
1|2626|nao teve resposta|nao teve resposta
1|2630|nao teve resposta|nao teve resposta
1|2669|nao teve resposta|nao teve resposta
1|2673|nao teve resposta|nao teve resposta
1|2693|nao teve resposta|nao teve resposta
18|2711|Não se relaciona a RDC mas é algo urgente ! Aumento dos valores repassados do sus| relaciona rdc algo urgente aumento valores repassados sus
14|2717|Deve servir também para testes laboratoriais remotos|deve servir testes laboratoriais remotos
1|2770|nao teve resposta|nao teve resposta
1|2773|nao teve resposta|nao teve resposta
1|2778|nao teve resposta|nao teve resposta
1|2780|nao teve resposta|nao teve resposta
13|2803|"Acho necessário definir o caráter do vínculo necessário entre posto de coleta e laboratório clínico.
Também a obrigatoriedade de laboratório de emergência nas instalações de hospital que possua UTI."|acho necessario definir carater vinculo necessario posto coleta laboratorio clinico obrigatoriedade laboratorio emergencia instalacoes hospital possua uti 
1|2804|nao teve resposta|nao teve resposta
1|2817|nao teve resposta|nao teve resposta
1|2829|nao teve resposta|nao teve resposta
1|2841|nao teve resposta|nao teve resposta
14|2842|Gostaria de que clinicas que fazem exames, fármacias que oferecem exames, ainda que em formatos testes rápidos, fossem sujeitos a algum tipo de regulação, quanto à qualidade dos resultados| clinicas fazem exames farmacias oferecem exames ainda formatos testes rapidos sujeitos algum tipo regulacao quanto qualidade resultados
1|2861|nao teve resposta|nao teve resposta
9|2863|Acredito que a RDC 302/05 deva ser extendida à todos os estabelecimentos que executam Serviços Laboratoriais Móveis. Todos os itens que dizem respeito à Controle de Qualidade , especialmente, devem ser exigidos para a realização destes serviços. Isso abrange, educação continuada para os profissionais executantes,calibração e manutenção preventiva de equipamentos, comunicação de resultados críticos, enfim, grande parte das exigências que devem ser cumpridas pelos laboratórios clínicos.|acredito rdc deva extendida todos estabelecimentos executam servicos laboratoriais moveis todos itens dizem respeito controle qualidade especialmente devem exigidos realizacao destes servicos abrange educacao continuada profissionais executantes calibracao manutencao preventiva equipamentos comunicacao resultados criticos enfim grande parte exigencias devem cumpridas laboratorios clinicos 
1|2869|nao teve resposta|nao teve resposta
1|2879|nao teve resposta|nao teve resposta
1|2880|nao teve resposta|nao teve resposta
1|2923|nao teve resposta|nao teve resposta
1|2934|nao teve resposta|nao teve resposta
1|2988|nao teve resposta|nao teve resposta
1|2990|nao teve resposta|nao teve resposta
1|2996|nao teve resposta|nao teve resposta
12|3044|MUITAS DAS EXIGENCIAS DA RDC 302 DEVERIA LEVAR EM CONSIDERAÇÃO OS LABORATÓRIOS DO INTERIOR DO PAÍS, POIS ESTES VIVEM UMA REALIDADE COMPLETAMENTE DIFERENTE DOS LABORATÓRIOS DOS GRANDES CENTROS URBANOS|muitas exigencias rdc deveria levar consideracao laboratorios interior pais vivem realidade completamente diferente laboratorios grandes centros urbanos
12|3050|A RDC 302 abarca todos laboratórios tido como clínicos, porém existem diversos tipos de laboratórios, e nem todos os itens da norma se aplicam a todos diferentes tipos de laboratório. Não haver essa especificação gera múltiplas dificuldades na fiscalização pelos fiscais e pelos profissionais da saúde.| rdc abarca todos laboratorios tido clinicos porem existem diversos tipos laboratorios todos itens norma aplicam todos diferentes tipos laboratorio haver especificacao gera multiplas dificuldades fiscalizacao fiscais profissionais saude 
1|3059|nao teve resposta|nao teve resposta
1|3072|nao teve resposta|nao teve resposta
13|3077|Os Postos de Coleta devem ser tratados como os laboratórios em relação da obrigatoriedade de ter responsável Técnico por 4 horas, no mínimo.| postos coleta devem tratados laboratorios relacao obrigatoriedade responsavel tecnico horas minimo 
6|3078|ABRANGER REGIONALIDADES|abranger regionalidades
15|3098|"Citologia, patologia clínica cita na abrangência da norma, mas não apresenta subsídios para inspeção.
Não abrange serviços laboratoriais móveis"|citologia patologia clinica cita abrangencia norma apresenta subsidios inspecao abrange servicos laboratoriais moveis
1|3122|nao teve resposta|nao teve resposta
13|3157|A abrangencia deve-se limitar a laboratorios de analises clinicas e postos de coletas, não a unidades de saúde em geral. Algumas exigencias para hospitais não se aplicam a laboratorios. Porem as fiscalizações não sabem separar algumas definições por áreas.| abrangencia deve se limitar laboratorios analises clinicas postos coletas unidades saude geral algumas exigencias hospitais aplicam laboratorios porem fiscalizacoes sabem separar algumas definicoes areas 
1|3160|nao teve resposta|nao teve resposta
10|3171|Inserir Estabelecimentos de Saúde que realizam exames (testes rápidos), uma vez que devem ter as mesmas exigências legais dos Laboratórios Clínicos.|inserir estabelecimentos saude realizam exames testes rapidos vez devem mesmas exigencias legais laboratorios clinicos 
1|3184|nao teve resposta|nao teve resposta
16|3198|A resolução deveria abranger de forma clara os laboratórios de anatomia patológica e os prestadores de serviços que realizam somente a análise microscópica de anátomo patológicos, com itens inclusive aplicáveis a estas atividades.| resolucao deveria abranger forma clara laboratorios anatomia patologica prestadores servicos realizam somente analise microscopica anatomo patologicos itens inclusive aplicaveis atividades 
1|3204|nao teve resposta|nao teve resposta
1|3220|nao teve resposta|nao teve resposta
16|3243|Considero importante que não exista segregação de atividades iguais, como Laboratório de Analises Clinicas e Laboratório de Serviço de Hemoterapia, Biologia Molecular de Anatomia  Patológica, E Biologia Molecular segregada dos serviços com a mesma atividades, inclusive Laboratório de Pesquisa Clinicas|considero importante exista segregacao atividades iguais laboratorio analises clinicas laboratorio servico hemoterapia biologia molecular anatomia patologica biologia molecular segregada servicos mesma atividades inclusive laboratorio pesquisa clinicas
14|3250|Acredito que a RDC deva abranger todos os setores que utilizam de exames laboratoriais para o diagnóstico, como Farmácias e consultórios médicos|acredito rdc deva abranger todos setores utilizam exames laboratoriais diagnostico farmacias consultorios medicos
14|3280|No sentido de enquadrar todo e qualquer lugar onde se realiza um teste Laboratórial como Laboratório.| sentido enquadrar todo qualquer lugar onde realiza teste laboratorial laboratorio 
9|3328|"Quanto ao funcionamento das clínicas de estética;
Quanto a execução dos TLR. Onde por mais que as outra profissões tenham a oportunidade de uma capacitação os cuidados com a execução dos exames  muitas vezes não seguem os parâmetros de qualidade e de interpretação. Salvo a realização dos testes de glicose. Exames imunológicos acredito não ser adequado a realização dos outros profissionais."|quanto funcionamento clinicas estetica quanto execucao tlr onde outra profissoes oportunidade capacitacao cuidados execucao exames muitas vezes seguem parametros qualidade interpretacao salvo realizacao testes glicose exames imunologicos acredito adequado realizacao outros profissionais 
1|3375|nao teve resposta|nao teve resposta
1|3400|nao teve resposta|nao teve resposta
1|3413|nao teve resposta|nao teve resposta
1|3416|nao teve resposta|nao teve resposta
14|3422|"1. Point of Care - Retirar desta normativa e fazer uma RDC específica do assunto.
Justificativa - Atualmente o uso de testes rápidos (point of care) está atrelado ao Laboratório Clínico, o que limita o acesso.

2.  Na proposta, os testes in house devem ser validados no Laboratório Clínico e está mencionado de forma vaga; isto deve ser melhor descrito e especificado de modo a garantir a qualidade do resultado.

3. Pensar a respeito do uso de laboratórios internacionais que analisam amostras de pacientes remetidas a outros países.

4. A respeito do controle de qualidade, a resolução específica citada no item  9.3.3 está pendente e pensamos ser muito importante sua edição para melhoria dos critérios de controle de qualidade.


2."| point of care retirar desta normativa fazer rdc especifica assunto justificativa atualmente uso testes rapidos point of care atrelado laboratorio clinico limita acesso proposta testes house devem validados laboratorio clinico mencionado forma vaga deve melhor descrito especificado modo garantir qualidade resultado pensar respeito uso laboratorios internacionais analisam amostras pacientes remetidas outros paises respeito controle qualidade resolucao especifica citada item pendente pensamos importante edicao melhoria criterios controle qualidade 
5|3436|"14 anos se passaram desde a publicação da RDC 302/05. Evoluímos muito desde então, tanto o profissional farmacêutico em si quanto os métodos de análise de parâmetros fisiológicos.
Acredito que a liberação da realização dos testes laboratoriais nas farmácias, contribuirá diretamente para o monitoramento de aspectos como adesão e eficácia dos tratamentos. Também é importante citar, que o farmacêutico por vezes, poderá identificar situações que necessitam de cuidados médicos e direcionar os casos aos mesmos.
É bem verdade que alguns aspectos deveriam ser levados em consideração, como a obrigatoriedade de especialização em farmacologia clínica."| anos passaram desde publicacao rdc evoluimos desde entao tanto profissional farmaceutico si quanto metodos analise parametros fisiologicos acredito liberacao realizacao testes laboratoriais farmacias contribuira diretamente monitoramento aspectos adesao eficacia tratamentos importante citar farmaceutico vezes podera identificar situacoes necessitam cuidados medicos direcionar casos mesmos verdade alguns aspectos deveriam levados consideracao obrigatoriedade especializacao farmacologia clinica 
1|3461|nao teve resposta|nao teve resposta
1|3473|nao teve resposta|nao teve resposta
1|3476|nao teve resposta|nao teve resposta
1|3479|nao teve resposta|nao teve resposta
1|3498|nao teve resposta|nao teve resposta
16|3506|Sugerimos a inclusão de laboratórios de anatomia patológica, imunoistoquímica, no couber. No caso de biologia molecular e microbiologia devem ser avaliadas as especificidades desses laboratórios para a inclusão na RDC.|sugerimos inclusao laboratorios anatomia patologica imunoistoquimica couber caso biologia molecular microbiologia devem avaliadas especificidades desses laboratorios inclusao rdc 
1|3534|nao teve resposta|nao teve resposta
1|3541|nao teve resposta|nao teve resposta
1|3613|XXXXXXXX| 
1|3639|nao teve resposta|nao teve resposta
1|3672|nao teve resposta|nao teve resposta
1|3679|nao teve resposta|nao teve resposta
13|3683|O posto de coleta laboratorial também deve seguir as exigências.| posto coleta laboratorial deve seguir exigencias 
16|3684|Deveria abranger laboratório de anatomia patológica e citológica e a citopatologia desenvolvida em laboratórios de análises clínicas. Deveria dispor também sobre atividade de análises veterinárias nos laboratórios clínicos.|deveria abranger laboratorio anatomia patologica citologica citopatologia desenvolvida laboratorios analises clinicas deveria dispor sobre atividade analises veterinarias laboratorios clinicos 
7|3685|"Precisa ser definida atividades laboratoriais.
Incluir laboratório veterinário."|precisa definida atividades laboratoriais incluir laboratorio veterinario 
14|3687|"A RDC 302/05 está muito ligada a laboratório convencionais. No mercado atual já temos serviços diagnósticos sendo disponibilizados em farmácias e consultórios e norma deve garantir que independente do local onde é realizado o exame, os requisitos devem ser cumpridos.
É preciso garantir que os laboratórios não se tornem postos de coleta de luxo, como vem ocorrendo devido a ação agressiva de terceirização de exames por parte dos laboratórios de apoio. A definição de laboratório clínico deve ser definida com requisitos mínimos para se obter o CNAE respectivo.
A norma poderia se aproximar mais da ISO 15.189/2015, sendo esta um guia internacional para gestão de laboratórios clínicos. Desta forma ficaríamos em patamares semelhantes ao de outros países."| rdc ligada laboratorio convencionais mercado atual servicos diagnosticos sendo disponibilizados farmacias consultorios norma deve garantir independente local onde realizado exame requisitos devem cumpridos preciso garantir laboratorios tornem postos coleta luxo ocorrendo devido acao agressiva terceirizacao exames parte laboratorios apoio definicao laboratorio clinico deve definida requisitos minimos obter cnae respectivo norma poderia aproximar iso sendo guia internacional gestao laboratorios clinicos desta forma ficariamos patamares semelhantes outros paises 
10|3689|RDC deve evoluir conforme a evolução do mercado e novas metodologias que estão sendo inseridas|rdc deve evoluir conforme evolucao mercado novas metodologias sendo inseridas
1|3696|nao teve resposta|nao teve resposta
14|3720|"Devido a evolução das tecnologias ,faz se necessário reavaliar a necessidade de se ter uma legislação em separado para Pont of Care.
Conceito de In House precisa ser redefinido pois ele está  muito generalista assim  no que tange a validação do inHouse para liberar o uso em rotina. no intuit de se ter um guia com os requisites minimos para esta validação .Outro ponto a ser pensar em In House é se haverá uma limitação do que pode ser aceito como teste In House , exemplo um teste de glicose uma vez que há  este mesmo teste já validado no Mercado."|devido evolucao tecnologias faz necessario reavaliar necessidade legislacao separado pont of care conceito house precisa redefinido generalista assim tange validacao inhouse liberar uso rotina intuit guia requisites minimos validacao outro ponto pensar house havera limitacao pode aceito teste house exemplo teste glicose vez teste validado mercado 
4|3723|A abrangência deveria ser também para qualquer estabelecimento que faça coleta de material, mesmo que sangue capilar.| abrangencia deveria qualquer estabelecimento faca coleta material sangue capilar 
1|3737|nao teve resposta|nao teve resposta
1|3744|nao teve resposta|nao teve resposta
1|3748|nao teve resposta|nao teve resposta
1|3754|nao teve resposta|nao teve resposta
1|3760|nao teve resposta|nao teve resposta
14|3762|"No item 2 da RDC (Objetivo) Não há clareza quanto a inclusão da área de biologia molecular dentro da área de Análises Clínicas. Caso não esteja, consideramos necessário incluí-la.

O disposto por essa RDC não se aplica hoje a serviços de saúde públicos que realizam testagem rápida fora do ambiente laboratorial. Tal modalidade de 
testagem compõe a estratégia do Ministério da Saúde para o enfrentamento de diferentes agravos a saúde pública."| item rdc objetivo clareza quanto inclusao area biologia molecular dentro area analises clinicas caso esteja consideramos necessario inclui la disposto rdc aplica hoje servicos saude publicos realizam testagem rapida ambiente laboratorial tal modalidade testagem compoe estrategia ministerio saude enfrentamento diferentes agravos saude publica 
1|3773|nao teve resposta|nao teve resposta
16|3777|"Os laboratórios de anatomia patológica são contemplados superficialmente.
Dada sua peculiaridade deveriam ter norma específica.
A Sociedade Brasileira de Patologia não tomou parte na elaboração dessa RDC"| laboratorios anatomia patologica contemplados superficialmente dada peculiaridade deveriam norma especifica sociedade brasileira patologia tomou parte elaboracao dessa rdc
1|3783|nao teve resposta|nao teve resposta
1|3784|nao teve resposta|nao teve resposta
14|3803|"Eu acho que todos os laboratórios do Brasil deveriam ser acreditados, meu médico me orienta a ir somente em laboratório acreditado, ele diz que são mais confiáveis que os laboratórios que não são acreditados podem inventar ""chutar"" resultados para não gastar com materiais, que não gastam com materiais de qualidade, que isso pode fazer o médico inclusive a errar no diagnóstico, disse ainda que muitos fiscais não tem condições de descobrir exames ""chutados"" fiquei muito preocupada com isso, porque temos poucos laboratórios acreditados por aqui que meu convênio cobre."| acho todos laboratorios brasil deveriam acreditados medico orienta ir somente laboratorio acreditado diz confiaveis laboratorios acreditados podem inventar chutar resultados gastar materiais gastam materiais qualidade pode fazer medico inclusive errar diagnostico disse ainda muitos fiscais condicoes descobrir exames chutados fiquei preocupada isso porque poucos laboratorios acreditados convenio cobre 
6|3836|Na abrangência: incluir laboratórios de vigilância em saúde e zoonoses.| abrangencia incluir laboratorios vigilancia saude zoonoses 
16|3838|"Os laboratórios de anatomia patológica são contemplados superficialmente e em muito diferem dos de análises clínicas e deveriam ter norma específica.
A Sociedade Brasileira de Patologia não tomou parte na elaboração dessa RDC."| laboratorios anatomia patologica contemplados superficialmente diferem analises clinicas deveriam norma especifica sociedade brasileira patologia tomou parte elaboracao dessa rdc 
16|3839|Ha serviços móveis e oferta em farmacias e em outros cenários disponiveis para analises clínicas que exigem regulamentacao. As atividades extra-muros de coleta de material tambem precisam ser regulamentadas, assim como foram para clínicas de vacinas| servicos moveis oferta farmacias outros cenarios disponiveis analises clinicas exigem regulamentacao atividades extra muros coleta material precisam regulamentadas assim clinicas vacinas
14|3847|Deverá ser aplicável a todos os laboratórios clínicos e unidades de coleta, fixas ou móveis, de propriedades públicos, privados, filantrópicos, civis ou militares que podem realizar coleta e exames em materiais biológicos, podendo ser microbiológicos, parasitológicos, imunológicos, bioquímicos, hematológicos, biofísicos, citológicos, genéticos, toxicológicos, biologia molecular ou outros exames com a finalidade de fornecer informações para o diagnóstico, gerenciamento, prevenção e tratamento de doenças ou avaliação da saúde e que pode fornecer um serviço de consultoria que abrange todos os aspectos da investigação laboratorial, incluindo a interpretação de resultados e recomendações sobre investigações mais adequadas e exames em farmácias.|devera aplicavel todos laboratorios clinicos unidades coleta fixas moveis propriedades publicos privados filantropicos civis militares podem realizar coleta exames materiais biologicos podendo microbiologicos parasitologicos imunologicos bioquimicos hematologicos biofisicos citologicos geneticos toxicologicos biologia molecular outros exames finalidade fornecer informacoes diagnostico gerenciamento prevencao tratamento doencas avaliacao saude pode fornecer servico consultoria abrange todos aspectos investigacao laboratorial incluindo interpretacao resultados recomendacoes sobre investigacoes adequadas exames farmacias 
14|3850|Deverá ser aplicável a todos os laboratórios clínicos e unidades de coleta, fixas ou móveis, de propriedades públicos, privados, filantrópicos, civis ou militares que podem realizar coleta e exames em materiais biológicos, podendo ser microbiológicos, parasitológicos, imunológicos, bioquímicos, hematológicos, biofísicos, citológicos, genéticos, toxicológicos, biologia molecular ou outros exames com a finalidade de fornecer informações para o diagnóstico, gerenciamento, prevenção e tratamento de doenças ou avaliação da saúde e que pode fornecer um serviço de consultoria que abrange todos os aspectos da investigação laboratorial, incluindo a interpretação de resultados e recomendações sobre investigações mais adequadas e exames em farmácias.|devera aplicavel todos laboratorios clinicos unidades coleta fixas moveis propriedades publicos privados filantropicos civis militares podem realizar coleta exames materiais biologicos podendo microbiologicos parasitologicos imunologicos bioquimicos hematologicos biofisicos citologicos geneticos toxicologicos biologia molecular outros exames finalidade fornecer informacoes diagnostico gerenciamento prevencao tratamento doencas avaliacao saude pode fornecer servico consultoria abrange todos aspectos investigacao laboratorial incluindo interpretacao resultados recomendacoes sobre investigacoes adequadas exames farmacias 
14|3853|"1.	POC (Point of Care):  Sugerimos retirar os requisitos desta resolução e fazer uma RDC específica para POC. Motivo: Os testes rápidos (point of care) foram desenvolvidos para testagem conduzida próximo ao local de cuidado ao paciente, inclusive em consultórios e locais fora da área técnica de um laboratório. Nesta resolução, atualmente o uso de testes rápidos (point of care) está atrelado apenas ao Laboratório Clínico, o que limita o acesso.  
2.	Testes in house: sugerimos descrever e especificar com mais detalhes de que forma o laboratório clínico deve validar os testes in house a fim de aumentar a qualidade do resultado. 
3.	Refletir e discutir sobre a necessidade e requisitos acerca do uso de laboratórios internacionais (terceirização de amostras remetidas a outros países). 
4.	A resolução citada no item 9.3.3 está pendente e entendemos que a sua edição é relevante para melhoria dos critérios de qualidade."| poc point of care sugerimos retirar requisitos desta resolucao fazer rdc especifica poc motivo testes rapidos point of care desenvolvidos testagem conduzida proximo local cuidado paciente inclusive consultorios locais area tecnica laboratorio nesta resolucao atualmente uso testes rapidos point of care atrelado apenas laboratorio clinico limita acesso testes house sugerimos descrever especificar detalhes forma laboratorio clinico deve validar testes house fim aumentar qualidade resultado refletir discutir sobre necessidade requisitos acerca uso laboratorios internacionais terceirizacao amostras remetidas outros paises resolucao citada item pendente entendemos edicao relevante melhoria criterios qualidade 
1|3858|nao teve resposta|nao teve resposta
1|3861|nao teve resposta|nao teve resposta
1|3864|nao teve resposta|nao teve resposta
1|3867|nao teve resposta|nao teve resposta
16|3868|"Texto atual: Esta Resolução de Diretoria Colegiada é aplicável a todos os serviços públicos ou privados, que realizam atividades laboratoriais na área de análises clínicas, patologia clínica e citologia.

Proposta de texto: Esta Resolução de Diretoria Colegiada é aplicável a todos os serviços públicos e privados, que realizam atividades laboratoriais na área de análises clínicas, patologia clínica, citologia e afins (toxicologia, veterinária entre outros).

Justificativa: 1. Sugerimos a substituição do termo “ou” pelo “e”, a fim de alterar o valor semântico para o sentido de inclusão.
2.  Sugerimos a inclusão das dos termos “toxicologia”, “veterinária”, pois também fazem parte das atividades laboratoriais."|texto atual resolucao diretoria colegiada aplicavel todos servicos publicos privados realizam atividades laboratoriais area analises clinicas patologia clinica citologia proposta texto resolucao diretoria colegiada aplicavel todos servicos publicos privados realizam atividades laboratoriais area analises clinicas patologia clinica citologia afins toxicologia veterinaria outros justificativa sugerimos substituicao termo ou e fim alterar valor semantico sentido inclusao sugerimos inclusao termos toxicologia veterinaria fazem parte atividades laboratoriais 
7|3870|"Com relação à abrangência é importante que esteja limitada à saúde humana. Isto é, deixar explícito que não se aplica  a estabelecimentos veterinários.

Atualizar o escopo para as análises atuais, como biologia molecular, citogenética, entre outras."| relacao abrangencia importante limitada saude humana e deixar explicito aplica estabelecimentos veterinarios atualizar escopo analises atuais biologia molecular citogenetica outras 
1|3871|nao teve resposta|nao teve resposta
14|3875|"1.	POC (Point of Care):  Sugerimos retirar os requisitos desta resolução e fazer uma RDC específica para POC. Motivo: Os testes rápidos (point of care) foram desenvolvidos para testagem conduzida próximo ao local de cuidado ao paciente, inclusive em consultórios e locais fora da área técnica de um laboratório. Nesta resolução, atualmente o uso de testes rápidos (point of care) está atrelado apenas ao Laboratório Clínico, o que limita o acesso.  
2.	Testes in house: sugerimos descrever e especificar com mais detalhes de que forma o laboratório clínico deve validar os testes in house a fim de aumentar a qualidade do resultado. 
3.	Refletir e discutir sobre a necessidade e requisitos acerca do uso de laboratórios internacionais (terceirização de amostras remetidas a outros países). 
4.	A resolução citada no item 9.3.3 está pendente e entendemos que a sua edição é relevante para melhoria dos critérios de qualidade."| poc point of care sugerimos retirar requisitos desta resolucao fazer rdc especifica poc motivo testes rapidos point of care desenvolvidos testagem conduzida proximo local cuidado paciente inclusive consultorios locais area tecnica laboratorio nesta resolucao atualmente uso testes rapidos point of care atrelado apenas laboratorio clinico limita acesso testes house sugerimos descrever especificar detalhes forma laboratorio clinico deve validar testes house fim aumentar qualidade resultado refletir discutir sobre necessidade requisitos acerca uso laboratorios internacionais terceirizacao amostras remetidas outros paises resolucao citada item pendente entendemos edicao relevante melhoria criterios qualidade 
1|3889|nao teve resposta|nao teve resposta
14|3892|"A nova RDC deve abranger novos nichos como análises toxicológicas, dignóstico veterinário.
Deve ser aplicada a serviços públicos E privados, a conjunção E tem valor semântico de adição (ou seja, tanto o serviço público quanto o privado devem cumprir a RDC em questão). Já a conjunção OU tem valor semântico de alternância e até de exclusão (ou seja, serviço público pode ou não cumprir a RDC ou alternar seu cumprimento com o serviço privado)."| nova rdc deve abranger novos nichos analises toxicologicas dignostico veterinario deve aplicada servicos publicos privados conjuncao valor semantico adicao ou seja tanto servico publico quanto privado devem cumprir rdc questao conjuncao valor semantico alternancia exclusao ou seja servico publico pode cumprir rdc alternar cumprimento servico privado 
14|3899|"Propomos a seguinte redação para o item 3 da RDC 302/2005, que trata da abrangência da norma:

""Esta Resolução de Diretoria Colegiada é aplicável a todos os laboratórios clínicos e unidades de coleta, fixas ou móveis, de propriedades públicos, privados, filantrópicos, civis ou militares que podem realizar coleta e exames em materiais biológicos, podendo ser microbiológicos, parasitológicos, imunológicos, bioquímicos, hematológicos, biofísicos, citológicos, genéticos, toxicológicos, biologia molecular ou outros exames com a finalidade de fornecer informações para o diagnóstico, gerenciamento, prevenção e tratamento de doenças ou avaliação da saúde e que pode fornecer um serviço de consultoria que abrange todos os aspectos da investigação laboratorial, incluindo a interpretação de resultados e recomendações sobre investigações mais adequadas.
Esta Resolução da Diretoria Colegiada não é aplicável aos laboratórios que realizam exames anatomopatológicos. 
Esta Resolução da Diretoria Colegiada se aplica igualmente às unidades de saúde que ofereçam Teste Laboratorial Remoto –TLR / Teste Laboratorial Portátil –TLP/ Point-of-care testing -POCT, conforme definido no item 4.45."""|propomos seguinte redacao item rdc trata abrangencia norma esta resolucao diretoria colegiada aplicavel todos laboratorios clinicos unidades coleta fixas moveis propriedades publicos privados filantropicos civis militares podem realizar coleta exames materiais biologicos podendo microbiologicos parasitologicos imunologicos bioquimicos hematologicos biofisicos citologicos geneticos toxicologicos biologia molecular outros exames finalidade fornecer informacoes diagnostico gerenciamento prevencao tratamento doencas avaliacao saude pode fornecer servico consultoria abrange todos aspectos investigacao laboratorial incluindo interpretacao resultados recomendacoes sobre investigacoes adequadas resolucao diretoria colegiada aplicavel laboratorios realizam exames anatomopatologicos resolucao diretoria colegiada aplica igualmente unidades saude oferecam teste laboratorial remoto tlr teste laboratorial portatil tlp point of care testing poct conforme definido item 
1|3902|nao teve resposta|nao teve resposta
9|3904|Acho que deva ser implementado as manutenções preditivas para equipamentos de laboratório e não apenas as preventivas e ou corretivas.|acho deva implementado manutencoes preditivas equipamentos laboratorio apenas preventivas corretivas 
1|3905|nao teve resposta|nao teve resposta
1|3906|nao teve resposta|nao teve resposta
1|3908|nao teve resposta|nao teve resposta
1|3918|nao teve resposta|nao teve resposta
14|3920|ELA TEM QUE REGULAMENTAR TODOS PROCEDIMENTOS ANALÍTICOS DA ÁREA DE ANÁLISES CLÍNICAS REALIZADOS EM LABORATÓRIOS, HOSPITAIS E OUTROS ESTABELECIMENTOS DE SAÚDE, PARA QUE POSSA HAVER SEGURANÇA DOS PACIENTES NA REALIZAÇÃO DOS PROCEDIMENTOS.| regulamentar todos procedimentos analiticos area analises clinicas realizados laboratorios hospitais outros estabelecimentos saude possa haver seguranca pacientes realizacao procedimentos 
14|4012|"Os fiscais das visa municipais ""interpretam"" a rdc, cada um de forma, gerando exigências desnecessárias, que acabam por dificultar e encarecer a atividade laboratorial. Além disso, a rdc não se aplica a todos os estabelecimentos de saúde que fazem exames ou realizam coleta para exames, como clínicas de medicina de trabalho e farmácias.  São usados dois pesos e duas medidas"| fiscais visa municipais interpretam rdc cada forma gerando exigencias desnecessarias acabam dificultar encarecer atividade laboratorial alem disso rdc aplica todos estabelecimentos saude fazem exames realizam coleta exames clinicas medicina trabalho farmacias usados dois pesos duas medidas
1|4022|nao teve resposta|nao teve resposta
1|4024|nao teve resposta|nao teve resposta
7|4033|Prever definições em relação a técnicas de biologia molecular e citometria de fluxo.|prever definicoes relacao tecnicas biologia molecular citometria fluxo 
1|4043|nao teve resposta|nao teve resposta
10|4052|inserir: Alvará do Corpo de Bombeiros, que condiz com a segurança das edificações. Inserir Licença Ambiental. inserir: que mesmo que existam outros profissionais farmaceuticos trabalhando no laboratório estes devem estar registrado no laboratório  perante o CRF, deverão estar inseridos na Certidao de Regularidade Técnica do Laboratório.....|inserir alvara corpo bombeiros condiz seguranca edificacoes inserir licenca ambiental inserir existam outros profissionais farmaceuticos trabalhando laboratorio devem estar registrado laboratorio perante crf deverao estar inseridos certidao regularidade tecnica laboratorio 
1|4057|nao teve resposta|nao teve resposta
1|4075|nao teve resposta|nao teve resposta
1|4097|nao teve resposta|nao teve resposta
1|4100|nao teve resposta|nao teve resposta
1|4105|nao teve resposta|nao teve resposta
1|4111|nao teve resposta|nao teve resposta
1|4125|nao teve resposta|nao teve resposta
1|4128|nao teve resposta|nao teve resposta
1|4136|nao teve resposta|nao teve resposta
1|4143|nao teve resposta|nao teve resposta
1|4147|nao teve resposta|nao teve resposta
1|4150|nao teve resposta|nao teve resposta
1|4153|nao teve resposta|nao teve resposta
1|4156|nao teve resposta|nao teve resposta
1|4171|nao teve resposta|nao teve resposta
1|4184|nao teve resposta|nao teve resposta
1|4192|nao teve resposta|nao teve resposta
1|4199|nao teve resposta|nao teve resposta
1|4201|nao teve resposta|nao teve resposta
1|4203|nao teve resposta|nao teve resposta
13|4223|"5.1.2.1 O profissional legalmente habilitado poderia assumir, perante a vigilância sanitária, a responsabilidade técnica por no máximo: 02 (dois) laboratórios clínicos e 01 (um) posto de coleta; ou 02 (dois) postos de coleta laboratorial e 01 (um) laboratório clínico.
Além disso, deveria ser especificado quem é o profissional legalmente habilitado, pois isto gera muitas dúvidas no cotidiano de fiscalização sanitária. Assim deveriam ser especificados: farmacêutico, biomédico, médico patologista e etc."| profissional legalmente habilitado poderia assumir perante vigilancia sanitaria responsabilidade tecnica maximo dois laboratorios clinicos um posto coleta dois postos coleta laboratorial um laboratorio clinico alem disso deveria especificado profissional legalmente habilitado gera muitas duvidas cotidiano fiscalizacao sanitaria assim deveriam especificados farmaceutico biomedico medico patologista etc 
16|4259|LABORATÓRIO DE ANÁLISES  DE ÁGUA, ANÁLISES DE ALIMENTOS E DE ANÁLISES E LABORATÓRIOS DE PESQUISAS.|laboratorio analises agua analises alimentos analises laboratorios pesquisas 
1|4267|nao teve resposta|nao teve resposta
1|4281|nao teve resposta|nao teve resposta
1|4282|nao teve resposta|nao teve resposta
1|4285|nao teve resposta|nao teve resposta
1|4291|nao teve resposta|nao teve resposta
1|4293|nao teve resposta|nao teve resposta
1|4297|nao teve resposta|nao teve resposta
1|4298|nao teve resposta|nao teve resposta
1|4320|nao teve resposta|nao teve resposta
1|4323|nao teve resposta|nao teve resposta
1|4325|nao teve resposta|nao teve resposta
1|4326|nao teve resposta|nao teve resposta
1|4372|nao teve resposta|nao teve resposta
1|4386|nao teve resposta|nao teve resposta
1|4389|nao teve resposta|nao teve resposta
8|4399|Que as atribuições fossem bem definidas, fiscalização mais eficiente.| atribuicoes definidas fiscalizacao eficiente 
1|4416|nao teve resposta|nao teve resposta
1|4418|nao teve resposta|nao teve resposta
1|4440|nao teve resposta|nao teve resposta
1|4463|nao teve resposta|nao teve resposta
1|4470|nao teve resposta|nao teve resposta
1|4492|nao teve resposta|nao teve resposta
19|4499|A lei é 2005, várias mudanças e diretrizes ocorreram deste período até os dias de hoje.| lei varias mudancas diretrizes ocorreram deste periodo dias hoje 
1|4515|nao teve resposta|nao teve resposta
1|4520|nao teve resposta|nao teve resposta
1|4527|nao teve resposta|nao teve resposta
1|4537|nao teve resposta|nao teve resposta
1|4557|nao teve resposta|nao teve resposta
1|4558|nao teve resposta|nao teve resposta
8|4590|Melhorar a fiscalização com a abertura de Postos de Coleta laboratoriais, os quais são abertos e não há uma fiscalização rigorosa, e estes trabalham de forma irregular e sem critérios. Nós que não abrimos outras unidades de coleta porque trabalhamos de forma coerente e respeitamos os critérios da RDC 302, nos sentimos prejudicados e lesados pela falta de fiscalização. Outro ponto é que deveria haver mais fiscalização e cobrança da VS para a necessidade de notificação de doenças de Notificação Compulsória, pois não há fiscalização para isso, e a maioria dos laboratórios não informam a Vigilância Epidemiológica do Município quanto a positividade dos agravos.|melhorar fiscalizacao abertura postos coleta laboratoriais quais abertos fiscalizacao rigorosa trabalham forma irregular criterios abrimos outras unidades coleta porque trabalhamos forma coerente respeitamos criterios rdc sentimos prejudicados lesados falta fiscalizacao outro ponto deveria haver fiscalizacao cobranca vs necessidade notificacao doencas notificacao compulsoria fiscalizacao isso maioria laboratorios informam vigilancia epidemiologica municipio quanto positividade agravos 
1|4591|nao teve resposta|nao teve resposta
1|4601|nao teve resposta|nao teve resposta
13|4605|Descrição de regulamentação onde Biólogos podem assumir responsabilidade técnica em análises clínicas em a nível nacional|descricao regulamentacao onde biologos podem assumir responsabilidade tecnica analises clinicas nivel nacional
1|4609|nao teve resposta|nao teve resposta
1|4611|nao teve resposta|nao teve resposta
1|4615|nao teve resposta|nao teve resposta
12|4631|A RDC em sua totalidade proza por sua excelência,porem acreditamos que deveria haver a descentralização da qualificação desses laboratorios ,e treinamento das equipes de Vigilância Sanitária dos municípios.| rdc totalidade proza excelencia porem acreditamos deveria haver descentralizacao qualificacao desses laboratorios e treinamento equipes vigilancia sanitaria municipios 
1|4635|nao teve resposta|nao teve resposta
1|4643|nao teve resposta|nao teve resposta
8|4644|TODA FORMA DE MODERNIZAÇÃO E FISCALIZAÇÃO SÃO IMPORTANTES PARA UM MELHOR FUNCIONAMENTO E LIBERAÇÃO SEGURA TANTO PARA O PACIENTE QUANTO PARA O LABORATÓRIO DE ANALISE CLINICAS.|toda forma modernizacao fiscalizacao importantes melhor funcionamento liberacao segura tanto paciente quanto laboratorio analise clinicas 
1|4653|nao teve resposta|nao teve resposta
1|4673|nao teve resposta|nao teve resposta
1|4674|nao teve resposta|nao teve resposta
1|4681|nao teve resposta|nao teve resposta
1|4711|nao teve resposta|nao teve resposta
1|4719|nao teve resposta|nao teve resposta
1|4722|nao teve resposta|nao teve resposta
1|4727|nao teve resposta|nao teve resposta
1|4732|nao teve resposta|nao teve resposta
1|4735|nao teve resposta|nao teve resposta
1|4738|nao teve resposta|nao teve resposta
1|4742|nao teve resposta|nao teve resposta
1|4768|nao teve resposta|nao teve resposta
1|4825|nao teve resposta|nao teve resposta
1|4836|nao teve resposta|nao teve resposta
1|4839|nao teve resposta|nao teve resposta
1|4841|nao teve resposta|nao teve resposta
1|4843|nao teve resposta|nao teve resposta
1|4860|nao teve resposta|nao teve resposta
1|4866|nao teve resposta|nao teve resposta
1|4868|nao teve resposta|nao teve resposta
1|4870|nao teve resposta|nao teve resposta
1|4879|nao teve resposta|nao teve resposta
1|4880|nao teve resposta|nao teve resposta
1|4886|nao teve resposta|nao teve resposta
1|4894|nao teve resposta|nao teve resposta
1|4903|nao teve resposta|nao teve resposta
1|4904|nao teve resposta|nao teve resposta
1|4910|nao teve resposta|nao teve resposta
1|4917|nao teve resposta|nao teve resposta
1|4921|nao teve resposta|nao teve resposta
1|4922|nao teve resposta|nao teve resposta
1|4925|nao teve resposta|nao teve resposta
11|4930|"Mudança na RDC 302/05 no quesito 5.6 Descarte de Resíduos e Rejeitos 5.6.1 O laboratório clínico e o posto de coleta laboratorial devem implantar o Plano de Gerenciamento de Resíduos de Serviços de Saúde (PGRSS) atendendo aos requisitos da RDC/ANVISA n° 306 de 07/12/2004, suas atualizações, ou outro instrumento legal que venha substituí-la (deverá ser substituída pela RDC 222 de 23 de Março de 2018);
A  rastreabilidade da hora do recebimento e/ou coleta da amostra deveria ser mais eficaz"|mudanca rdc quesito descarte residuos rejeitos laboratorio clinico posto coleta laboratorial devem implantar plano gerenciamento residuos servicos saude pgrss atendendo requisitos rdc anvisa n atualizacoes outro instrumento legal venha substitui la devera substituida rdc marco rastreabilidade hora recebimento e ou coleta amostra deveria eficaz
16|4932|"LABORATÓRIO DE ANÁLISES DE ÁGUA, ANÁLISES DE ALIMENTOS E DE ANÁLISES E
LABORATÓRIOS DE PESQUISAS."|laboratorio analises agua analises alimentos analises laboratorios pesquisas 
1|4933|nao teve resposta|nao teve resposta
1|4934|nao teve resposta|nao teve resposta
16|4949|"LABORATÓRIO DE ANÁLISES DE ÁGUA, ANÁLISES DE ALIMENTOS E DE ANÁLISES E
LABORATÓRIOS DE PESQUISAS."|laboratorio analises agua analises alimentos analises laboratorios pesquisas 
1|4958|nao teve resposta|nao teve resposta
1|4962|nao teve resposta|nao teve resposta
1|4963|nao teve resposta|nao teve resposta
1|4965|nao teve resposta|nao teve resposta
1|4968|nao teve resposta|nao teve resposta
1|4970|nao teve resposta|nao teve resposta
1|4982|nao teve resposta|nao teve resposta
1|4983|nao teve resposta|nao teve resposta
1|4996|nao teve resposta|nao teve resposta
1|5001|nao teve resposta|nao teve resposta
1|5006|nao teve resposta|nao teve resposta
1|5013|nao teve resposta|nao teve resposta
1|5016|nao teve resposta|nao teve resposta
1|5021|nao teve resposta|nao teve resposta
1|5029|nao teve resposta|nao teve resposta
1|5039|nao teve resposta|nao teve resposta
1|5049|nao teve resposta|nao teve resposta
1|5050|nao teve resposta|nao teve resposta
1|5051|nao teve resposta|nao teve resposta
1|5052|nao teve resposta|nao teve resposta
1|5056|nao teve resposta|nao teve resposta
1|5057|nao teve resposta|nao teve resposta
1|5060|nao teve resposta|nao teve resposta
1|5064|nao teve resposta|nao teve resposta
1|5065|nao teve resposta|nao teve resposta
1|5068|nao teve resposta|nao teve resposta
1|5084|nao teve resposta|nao teve resposta
1|5086|nao teve resposta|nao teve resposta
1|5092|nao teve resposta|nao teve resposta
1|5099|nao teve resposta|nao teve resposta
1|5108|nao teve resposta|nao teve resposta
1|5115|nao teve resposta|nao teve resposta
1|5125|nao teve resposta|nao teve resposta
1|5132|nao teve resposta|nao teve resposta
1|5134|nao teve resposta|nao teve resposta
1|5138|nao teve resposta|nao teve resposta
1|5141|nao teve resposta|nao teve resposta
1|5145|nao teve resposta|nao teve resposta
1|5146|nao teve resposta|nao teve resposta
1|5149|nao teve resposta|nao teve resposta
1|5150|nao teve resposta|nao teve resposta
1|5156|nao teve resposta|nao teve resposta
1|5164|nao teve resposta|nao teve resposta
1|5169|nao teve resposta|nao teve resposta
1|5175|nao teve resposta|nao teve resposta
1|5177|nao teve resposta|nao teve resposta
1|5180|nao teve resposta|nao teve resposta
1|5192|nao teve resposta|nao teve resposta
1|5194|nao teve resposta|nao teve resposta
1|5197|nao teve resposta|nao teve resposta
10|5198|com a evolução da tecnologia dos laboratórios e suas competências , as normas da RDC ficaram muito restritas, por este motivo precisam ser expandidas de acordo com as necessidades de tal evolução.| evolucao tecnologia laboratorios competencias normas rdc ficaram restritas motivo precisam expandidas acordo necessidades tal evolucao 
1|5202|nao teve resposta|nao teve resposta
1|5205|nao teve resposta|nao teve resposta
1|5208|nao teve resposta|nao teve resposta
1|5214|nao teve resposta|nao teve resposta
1|5227|nao teve resposta|nao teve resposta
1|5236|nao teve resposta|nao teve resposta
1|5238|nao teve resposta|nao teve resposta
9|5242|SIM, TRAZER MAIORES ESCLARECIMENTOS, COMO POR EXEMPLO, SOBRE CALIBRAÇÃO E MANUTENÇÃO PREVENTIVA E MANUTENÇÃO CORRETIVA DOS EQUIPAMENTOS E INSTRUMENTOS, SOBRE O USO DE INSUMOS E REAGENTES RUO, TESTES LABORATORIAIS REMOTOS, DENTRE OUTROS ITENS.|sim trazer maiores esclarecimentos exemplo sobre calibracao manutencao preventiva manutencao corretiva equipamentos instrumentos sobre uso insumos reagentes ruo testes laboratoriais remotos dentre outros itens 
1|5249|nao teve resposta|nao teve resposta
1|5251|nao teve resposta|nao teve resposta
1|5252|nao teve resposta|nao teve resposta
1|5257|nao teve resposta|nao teve resposta
1|5259|nao teve resposta|nao teve resposta
1|5260|nao teve resposta|nao teve resposta
1|5261|nao teve resposta|nao teve resposta
14|5265|Deveria conter uma regularização para atendimento laboratorial em coletas domiciliares. Aqui no meu município acontecem muitas, trabalhadores são tirados do serviço para realizarem coletas em ambientes precários e sem nenhum respaldo da gestão.|deveria conter regularizacao atendimento laboratorial coletas domiciliares municipio acontecem muitas trabalhadores tirados servico realizarem coletas ambientes precarios nenhum respaldo gestao 
1|5267|nao teve resposta|nao teve resposta
9|5270|Deva-se especificar de quanto em quanto tempo deve ser feita as manutenções preventivas.  Preferencialmente de 3 em 3 anos, visto que muitos laboratórios cuidam de seu equipamento, realizando o uso racional, ou seja, cuidando o que é seu. E a necessidade de manutenção nem sempre é necessária anualmente, impactando na situação financeira do laboratório, principalmente nos municípios com menos de 3500 habitantes onde a tabela de preços dos exames, praticamente inviabiliza a prestação do serviço.|deva se especificar quanto quanto tempo deve feita manutencoes preventivas preferencialmente anos visto muitos laboratorios cuidam equipamento realizando uso racional seja cuidando seu necessidade manutencao sempre necessaria anualmente impactando situacao financeira laboratorio principalmente municipios menos habitantes onde tabela precos exames praticamente inviabiliza prestacao servico 
16|5284|Na minha rotina de inspeção em Laboratórios de Analises Clinicas,Posto de Coleta, laboratório de Anatomia Patológica,Citologia,  Microbiologia,  Genética, a RDC Nº302/2005 esta precisando urgentemente se atualizar.   A estrutura física dos Laboratórios em geral( Anatomia, citologia, microbiologia, Genética), utilizamos a RDC nº50/2002 ( que se encontra desatualizada )para adequar a estrutura e para as condiçoes gerais ( uso do EPI, descarte dos resíduos, emissão dos laudos com parametros), POPs, monitoramento , CQI, CQE, aplicamos a RDC nº302/2005. Os testes laboratoriais Remoto ( TLR )  que vão ser realizados nas farmácias que realizam serviços farmacêuticos, tambem deve ser referenciado na RDC Nº302. Os TLR nao produzem resultados fidedignos, apresentam alterações e isto pode prejudicar no diagnostico clinico.  tambem servicos que realizam a triagem das amostras dos Laboratórios que terceirizam seus exames. Este serviço é novo , mais esta se multiplicando na cidade. Deve também ser incluído na RDC Nº302/2005.| rotina inspecao laboratorios analises clinicas posto coleta laboratorio anatomia patologica citologia microbiologia genetica rdc no precisando urgentemente atualizar estrutura fisica laboratorios geral anatomia citologia microbiologia genetica utilizamos rdc no encontra desatualizada para adequar estrutura condicoes gerais uso epi descarte residuos emissao laudos parametros pops monitoramento cqi cqe aplicamos rdc no testes laboratoriais remoto tlr vao realizados farmacias realizam servicos farmaceuticos deve referenciado rdc no tlr produzem resultados fidedignos apresentam alteracoes pode prejudicar diagnostico clinico servicos realizam triagem amostras laboratorios terceirizam exames servico novo multiplicando cidade deve incluido rdc no 
1|5294|nao teve resposta|nao teve resposta
1|5307|nao teve resposta|nao teve resposta
1|5317|nao teve resposta|nao teve resposta
1|5318|nao teve resposta|nao teve resposta
1|5325|nao teve resposta|nao teve resposta
15|5333|UNIDADES LABORATORIAIS MÓVEIS|unidades laboratoriais moveis
1|5337|nao teve resposta|nao teve resposta
1|5343|nao teve resposta|nao teve resposta
1|5357|nao teve resposta|nao teve resposta
1|5362|nao teve resposta|nao teve resposta
1|5363|nao teve resposta|nao teve resposta
1|5366|nao teve resposta|nao teve resposta
1|5368|nao teve resposta|nao teve resposta
